code,type,county
1002,T,ADAMS
1004,T,ADAMS
1006,T,ADAMS
1008,T,ADAMS
1010,T,ADAMS
1012,T,ADAMS
1014,T,ADAMS
1016,T,ADAMS
1018,T,ADAMS
1020,T,ADAMS
1022,T,ADAMS
1024,T,ADAMS
1026,T,ADAMS
1028,T,ADAMS
1030,T,ADAMS
1032,T,ADAMS
1034,T,ADAMS
1126,V,ADAMS
1201,C,ADAMS
1999,Y,ADAMS
2002,T,ASHLAND
2004,T,ASHLAND
2006,T,ASHLAND
2008,T,ASHLAND
2010,T,ASHLAND
2012,T,ASHLAND
2014,T,ASHLAND
2016,T,ASHLAND
2018,T,ASHLAND
2020,T,ASHLAND
2022,T,ASHLAND
2024,T,ASHLAND
2026,T,ASHLAND
2106,V,ASHLAND
2201,C,ASHLAND
2251,C,ASHLAND
2999,Y,ASHLAND
3002,T,BARRON
3004,T,BARRON
3006,T,BARRON
3008,T,BARRON
3010,T,BARRON
3012,T,BARRON
3014,T,BARRON
3016,T,BARRON
3018,T,BARRON
3020,T,BARRON
3022,T,BARRON
3024,T,BARRON
3026,T,BARRON
3028,T,BARRON
3030,T,BARRON
3032,T,BARRON
3034,T,BARRON
3036,T,BARRON
3038,T,BARRON
3040,T,BARRON
3042,T,BARRON
3044,T,BARRON
3046,T,BARRON
3048,T,BARRON
3050,T,BARRON
3101,V,BARRON
3111,V,BARRON
3116,V,BARRON
3136,V,BARRON
3171,V,BARRON
3186,V,BARRON
3206,C,BARRON
3211,C,BARRON
3212,C,BARRON
3276,C,BARRON
3999,Y,BARRON
4002,T,BAYFIELD
4004,T,BAYFIELD
4006,T,BAYFIELD
4008,T,BAYFIELD
4010,T,BAYFIELD
4012,T,BAYFIELD
4014,T,BAYFIELD
4016,T,BAYFIELD
4018,T,BAYFIELD
4020,T,BAYFIELD
4021,T,BAYFIELD
4022,T,BAYFIELD
4024,T,BAYFIELD
4026,T,BAYFIELD
4028,T,BAYFIELD
4030,T,BAYFIELD
4032,T,BAYFIELD
4034,T,BAYFIELD
4036,T,BAYFIELD
4038,T,BAYFIELD
4040,T,BAYFIELD
4042,T,BAYFIELD
4046,T,BAYFIELD
4048,T,BAYFIELD
4050,T,BAYFIELD
4151,V,BAYFIELD
4206,C,BAYFIELD
4291,C,BAYFIELD
4999,Y,BAYFIELD
5010,T,BROWN
5012,T,BROWN
5014,T,BROWN
5018,T,BROWN
5022,T,BROWN
5024,T,BROWN
5025,T,BROWN
5026,T,BROWN
5028,T,BROWN
5030,T,BROWN
5034,T,BROWN
5036,T,BROWN
5040,T,BROWN
5102,V,BROWN
5104,V,BROWN
5106,V,BROWN
5116,V,BROWN
5126,V,BROWN
5136,V,BROWN
5171,V,BROWN
5178,V,BROWN
5191,V,BROWN
5216,C,BROWN
5231,C,BROWN
5999,Y,BROWN
6002,T,BUFFALO
6004,T,BUFFALO
6006,T,BUFFALO
6008,T,BUFFALO
6010,T,BUFFALO
6012,T,BUFFALO
6014,T,BUFFALO
6016,T,BUFFALO
6018,T,BUFFALO
6020,T,BUFFALO
6022,T,BUFFALO
6024,T,BUFFALO
6026,T,BUFFALO
6028,T,BUFFALO
6030,T,BUFFALO
6032,T,BUFFALO
6034,T,BUFFALO
6111,V,BUFFALO
6154,V,BUFFALO
6201,C,BUFFALO
6206,C,BUFFALO
6226,C,BUFFALO
6251,C,BUFFALO
6999,Y,BUFFALO
7002,T,BURNETT
7004,T,BURNETT
7006,T,BURNETT
7008,T,BURNETT
7010,T,BURNETT
7012,T,BURNETT
7014,T,BURNETT
7016,T,BURNETT
7018,T,BURNETT
7020,T,BURNETT
7022,T,BURNETT
7024,T,BURNETT
7026,T,BURNETT
7028,T,BURNETT
7030,T,BURNETT
7032,T,BURNETT
7034,T,BURNETT
7036,T,BURNETT
7038,T,BURNETT
7040,T,BURNETT
7042,T,BURNETT
7131,V,BURNETT
7181,V,BURNETT
7191,V,BURNETT
7999,Y,BURNETT
8002,T,CALUMET
8004,T,CALUMET
8006,T,CALUMET
8008,T,CALUMET
8012,T,CALUMET
8014,T,CALUMET
8016,T,CALUMET
8018,T,CALUMET
8131,V,CALUMET
8136,V,CALUMET
8160,V,CALUMET
8179,V,CALUMET
8181,V,CALUMET
8206,C,CALUMET
8211,C,CALUMET
8261,C,CALUMET
8999,Y,CALUMET
9002,T,CHIPPEWA
9004,T,CHIPPEWA
9006,T,CHIPPEWA
9008,T,CHIPPEWA
9010,T,CHIPPEWA
9012,T,CHIPPEWA
9014,T,CHIPPEWA
9016,T,CHIPPEWA
9018,T,CHIPPEWA
9020,T,CHIPPEWA
9022,T,CHIPPEWA
9024,T,CHIPPEWA
9026,T,CHIPPEWA
9028,T,CHIPPEWA
9032,T,CHIPPEWA
9034,T,CHIPPEWA
9035,T,CHIPPEWA
9036,T,CHIPPEWA
9038,T,CHIPPEWA
9040,T,CHIPPEWA
9042,T,CHIPPEWA
9044,T,CHIPPEWA
9046,T,CHIPPEWA
9106,V,CHIPPEWA
9111,V,CHIPPEWA
9128,V,CHIPPEWA
9161,V,CHIPPEWA
9206,C,CHIPPEWA
9211,C,CHIPPEWA
9213,C,CHIPPEWA
9281,C,CHIPPEWA
9999,Y,CHIPPEWA
10002,T,CLARK
10004,T,CLARK
10006,T,CLARK
10008,T,CLARK
10010,T,CLARK
10012,T,CLARK
10014,T,CLARK
10016,T,CLARK
10018,T,CLARK
10020,T,CLARK
10022,T,CLARK
10024,T,CLARK
10026,T,CLARK
10028,T,CLARK
10030,T,CLARK
10032,T,CLARK
10034,T,CLARK
10036,T,CLARK
10038,T,CLARK
10040,T,CLARK
10042,T,CLARK
10044,T,CLARK
10046,T,CLARK
10048,T,CLARK
10050,T,CLARK
10052,T,CLARK
10054,T,CLARK
10056,T,CLARK
10058,T,CLARK
10060,T,CLARK
10062,T,CLARK
10064,T,CLARK
10066,T,CLARK
10111,V,CLARK
10116,V,CLARK
10131,V,CLARK
10191,V,CLARK
10201,C,CLARK
10211,C,CLARK
10231,C,CLARK
10246,C,CLARK
10261,C,CLARK
10265,C,CLARK
10286,C,CLARK
10999,Y,CLARK
11002,T,COLUMBIA
11004,T,COLUMBIA
11006,T,COLUMBIA
11008,T,COLUMBIA
11010,T,COLUMBIA
11012,T,COLUMBIA
11014,T,COLUMBIA
11016,T,COLUMBIA
11018,T,COLUMBIA
11020,T,COLUMBIA
11022,T,COLUMBIA
11024,T,COLUMBIA
11026,T,COLUMBIA
11028,T,COLUMBIA
11030,T,COLUMBIA
11032,T,COLUMBIA
11034,T,COLUMBIA
11036,T,COLUMBIA
11038,T,COLUMBIA
11040,T,COLUMBIA
11042,T,COLUMBIA
11101,V,COLUMBIA
11111,V,COLUMBIA
11116,V,COLUMBIA
11126,V,COLUMBIA
11127,V,COLUMBIA
11171,V,COLUMBIA
11172,V,COLUMBIA
11177,V,COLUMBIA
11191,V,COLUMBIA
11211,C,COLUMBIA
11246,C,COLUMBIA
11271,C,COLUMBIA
11291,C,COLUMBIA
11999,Y,COLUMBIA
12002,T,CRAWFORD
12004,T,CRAWFORD
12006,T,CRAWFORD
12008,T,CRAWFORD
12010,T,CRAWFORD
12012,T,CRAWFORD
12014,T,CRAWFORD
12016,T,CRAWFORD
12018,T,CRAWFORD
12020,T,CRAWFORD
12022,T,CRAWFORD
12106,V,CRAWFORD
12121,V,CRAWFORD
12126,V,CRAWFORD
12131,V,CRAWFORD
12146,V,CRAWFORD
12151,V,CRAWFORD
12181,V,CRAWFORD
12182,V,CRAWFORD
12191,V,CRAWFORD
12271,C,CRAWFORD
12999,Y,CRAWFORD
13002,T,DANE
13004,T,DANE
13006,T,DANE
13008,T,DANE
13010,T,DANE
13012,T,DANE
13014,T,DANE
13016,T,DANE
13018,T,DANE
13020,T,DANE
13022,T,DANE
13024,T,DANE
13026,T,DANE
13028,T,DANE
13032,T,DANE
13034,T,DANE
13036,T,DANE
13038,T,DANE
13040,T,DANE
13042,T,DANE
13044,T,DANE
13046,T,DANE
13048,T,DANE
13050,T,DANE
13052,T,DANE
13054,T,DANE
13056,T,DANE
13058,T,DANE
13060,T,DANE
13062,T,DANE
13064,T,DANE
13066,T,DANE
13070,T,DANE
13106,V,DANE
13107,V,DANE
13108,V,DANE
13111,V,DANE
13112,V,DANE
13113,V,DANE
13116,V,DANE
13117,V,DANE
13118,V,DANE
13151,V,DANE
13152,V,DANE
13153,V,DANE
13154,V,DANE
13157,V,DANE
13165,V,DANE
13176,V,DANE
13181,V,DANE
13191,V,DANE
13196,V,DANE
13225,C,DANE
13251,C,DANE
13255,C,DANE
13258,C,DANE
13281,C,DANE
13282,C,DANE
13286,C,DANE
13999,Y,DANE
14002,T,DODGE
14004,T,DODGE
14006,T,DODGE
14008,T,DODGE
14010,T,DODGE
14012,T,DODGE
14014,T,DODGE
14016,T,DODGE
14018,T,DODGE
14020,T,DODGE
14022,T,DODGE
14024,T,DODGE
14026,T,DODGE
14028,T,DODGE
14030,T,DODGE
14032,T,DODGE
14034,T,DODGE
14036,T,DODGE
14038,T,DODGE
14040,T,DODGE
14042,T,DODGE
14044,T,DODGE
14046,T,DODGE
14106,V,DODGE
14111,V,DODGE
14136,V,DODGE
14141,V,DODGE
14143,V,DODGE
14146,V,DODGE
14147,V,DODGE
14161,V,DODGE
14176,V,DODGE
14177,V,DODGE
14186,V,DODGE
14206,C,DODGE
14226,C,DODGE
14236,C,DODGE
14241,C,DODGE
14251,C,DODGE
14292,C,DODGE
14999,Y,DODGE
15002,T,DOOR
15004,T,DOOR
15006,T,DOOR
15008,T,DOOR
15010,T,DOOR
15012,T,DOOR
15014,T,DOOR
15016,T,DOOR
15018,T,DOOR
15020,T,DOOR
15022,T,DOOR
15024,T,DOOR
15026,T,DOOR
15028,T,DOOR
15118,V,DOOR
15121,V,DOOR
15127,V,DOOR
15181,V,DOOR
15281,C,DOOR
15999,Y,DOOR
16002,T,DOUGLAS
16004,T,DOUGLAS
16006,T,DOUGLAS
16008,T,DOUGLAS
16010,T,DOUGLAS
16012,T,DOUGLAS
16014,T,DOUGLAS
16016,T,DOUGLAS
16018,T,DOUGLAS
16020,T,DOUGLAS
16022,T,DOUGLAS
16024,T,DOUGLAS
16026,T,DOUGLAS
16028,T,DOUGLAS
16030,T,DOUGLAS
16032,T,DOUGLAS
16146,V,DOUGLAS
16165,V,DOUGLAS
16171,V,DOUGLAS
16181,V,DOUGLAS
16182,V,DOUGLAS
16281,C,DOUGLAS
16999,Y,DOUGLAS
17002,T,DUNN
17004,T,DUNN
17006,T,DUNN
17008,T,DUNN
17010,T,DUNN
17012,T,DUNN
17014,T,DUNN
17016,T,DUNN
17018,T,DUNN
17020,T,DUNN
17022,T,DUNN
17024,T,DUNN
17026,T,DUNN
17028,T,DUNN
17030,T,DUNN
17032,T,DUNN
17034,T,DUNN
17036,T,DUNN
17038,T,DUNN
17040,T,DUNN
17042,T,DUNN
17044,T,DUNN
17106,V,DUNN
17111,V,DUNN
17116,V,DUNN
17121,V,DUNN
17141,V,DUNN
17176,V,DUNN
17191,V,DUNN
17251,C,DUNN
17999,Y,DUNN
18002,T,EAU CLAIRE
18004,T,EAU CLAIRE
18006,T,EAU CLAIRE
18008,T,EAU CLAIRE
18010,T,EAU CLAIRE
18012,T,EAU CLAIRE
18014,T,EAU CLAIRE
18016,T,EAU CLAIRE
18018,T,EAU CLAIRE
18020,T,EAU CLAIRE
18022,T,EAU CLAIRE
18024,T,EAU CLAIRE
18026,T,EAU CLAIRE
18126,V,EAU CLAIRE
18127,V,EAU CLAIRE
18201,C,EAU CLAIRE
18202,C,EAU CLAIRE
18221,C,EAU CLAIRE
18999,Y,EAU CLAIRE
19002,T,FLORENCE
19004,T,FLORENCE
19006,T,FLORENCE
19008,T,FLORENCE
19010,T,FLORENCE
19012,T,FLORENCE
19014,T,FLORENCE
19016,T,FLORENCE
19999,Y,FLORENCE
20002,T,FOND DU LAC
20004,T,FOND DU LAC
20006,T,FOND DU LAC
20008,T,FOND DU LAC
20010,T,FOND DU LAC
20012,T,FOND DU LAC
20014,T,FOND DU LAC
20016,T,FOND DU LAC
20018,T,FOND DU LAC
20020,T,FOND DU LAC
20022,T,FOND DU LAC
20024,T,FOND DU LAC
20026,T,FOND DU LAC
20028,T,FOND DU LAC
20030,T,FOND DU LAC
20032,T,FOND DU LAC
20034,T,FOND DU LAC
20036,T,FOND DU LAC
20038,T,FOND DU LAC
20040,T,FOND DU LAC
20042,T,FOND DU LAC
20106,V,FOND DU LAC
20111,V,FOND DU LAC
20121,V,FOND DU LAC
20126,V,FOND DU LAC
20151,V,FOND DU LAC
20161,V,FOND DU LAC
20165,V,FOND DU LAC
20176,V,FOND DU LAC
20181,V,FOND DU LAC
20226,C,FOND DU LAC
20276,C,FOND DU LAC
20999,Y,FOND DU LAC
21002,T,FOREST
21004,T,FOREST
21006,T,FOREST
21008,T,FOREST
21010,T,FOREST
21012,T,FOREST
21014,T,FOREST
21016,T,FOREST
21018,T,FOREST
21020,T,FOREST
21022,T,FOREST
21024,T,FOREST
21026,T,FOREST
21028,T,FOREST
21211,C,FOREST
21999,Y,FOREST
22002,T,GRANT
22004,T,GRANT
22006,T,GRANT
22008,T,GRANT
22010,T,GRANT
22012,T,GRANT
22014,T,GRANT
22016,T,GRANT
22018,T,GRANT
22020,T,GRANT
22022,T,GRANT
22024,T,GRANT
22026,T,GRANT
22028,T,GRANT
22030,T,GRANT
22032,T,GRANT
22034,T,GRANT
22036,T,GRANT
22038,T,GRANT
22040,T,GRANT
22042,T,GRANT
22044,T,GRANT
22046,T,GRANT
22048,T,GRANT
22050,T,GRANT
22052,T,GRANT
22054,T,GRANT
22056,T,GRANT
22058,T,GRANT
22060,T,GRANT
22062,T,GRANT
22064,T,GRANT
22066,T,GRANT
22106,V,GRANT
22107,V,GRANT
22108,V,GRANT
22111,V,GRANT
22116,V,GRANT
22136,V,GRANT
22147,V,GRANT
22151,V,GRANT
22152,V,GRANT
22153,V,GRANT
22171,V,GRANT
22172,V,GRANT
22186,V,GRANT
22191,V,GRANT
22206,C,GRANT
22211,C,GRANT
22226,C,GRANT
22246,C,GRANT
22271,C,GRANT
22999,Y,GRANT
23002,T,GREEN
23004,T,GREEN
23006,T,GREEN
23008,T,GREEN
23010,T,GREEN
23012,T,GREEN
23014,T,GREEN
23016,T,GREEN
23018,T,GREEN
23020,T,GREEN
23022,T,GREEN
23024,T,GREEN
23026,T,GREEN
23028,T,GREEN
23030,T,GREEN
23032,T,GREEN
23101,V,GREEN
23109,V,GREEN
23110,V,GREEN
23151,V,GREEN
23161,V,GREEN
23206,C,GREEN
23251,C,GREEN
23999,Y,GREEN
24002,T,GREEN LAKE
24004,T,GREEN LAKE
24006,T,GREEN LAKE
24008,T,GREEN LAKE
24010,T,GREEN LAKE
24012,T,GREEN LAKE
24014,T,GREEN LAKE
24016,T,GREEN LAKE
24018,T,GREEN LAKE
24020,T,GREEN LAKE
24141,V,GREEN LAKE
24154,V,GREEN LAKE
24206,C,GREEN LAKE
24231,C,GREEN LAKE
24251,C,GREEN LAKE
24271,C,GREEN LAKE
24999,Y,GREEN LAKE
25002,T,IOWA
25004,T,IOWA
25006,T,IOWA
25008,T,IOWA
25010,T,IOWA
25012,T,IOWA
25014,T,IOWA
25016,T,IOWA
25018,T,IOWA
25020,T,IOWA
25022,T,IOWA
25024,T,IOWA
25026,T,IOWA
25028,T,IOWA
25101,V,IOWA
25102,V,IOWA
25106,V,IOWA
25111,V,IOWA
25136,V,IOWA
25137,V,IOWA
25146,V,IOWA
25176,V,IOWA
25177,V,IOWA
25216,C,IOWA
25251,C,IOWA
25999,Y,IOWA
26002,T,IRON
26004,T,IRON
26006,T,IRON
26008,T,IRON
26010,T,IRON
26012,T,IRON
26014,T,IRON
26016,T,IRON
26018,T,IRON
26020,T,IRON
26236,C,IRON
26251,C,IRON
26999,Y,IRON
27002,T,JACKSON
27004,T,JACKSON
27006,T,JACKSON
27008,T,JACKSON
27010,T,JACKSON
27012,T,JACKSON
27014,T,JACKSON
27016,T,JACKSON
27018,T,JACKSON
27020,T,JACKSON
27022,T,JACKSON
27024,T,JACKSON
27026,T,JACKSON
27028,T,JACKSON
27030,T,JACKSON
27032,T,JACKSON
27034,T,JACKSON
27036,T,JACKSON
27038,T,JACKSON
27040,T,JACKSON
27042,T,JACKSON
27101,V,JACKSON
27136,V,JACKSON
27151,V,JACKSON
27152,V,JACKSON
27186,V,JACKSON
27206,C,JACKSON
27999,Y,JACKSON
28002,T,JEFFERSON
28004,T,JEFFERSON
28006,T,JEFFERSON
28008,T,JEFFERSON
28010,T,JEFFERSON
28012,T,JEFFERSON
28014,T,JEFFERSON
28016,T,JEFFERSON
28018,T,JEFFERSON
28020,T,JEFFERSON
28022,T,JEFFERSON
28024,T,JEFFERSON
28026,T,JEFFERSON
28028,T,JEFFERSON
28030,T,JEFFERSON
28032,T,JEFFERSON
28141,V,JEFFERSON
28171,V,JEFFERSON
28181,V,JEFFERSON
28226,C,JEFFERSON
28241,C,JEFFERSON
28246,C,JEFFERSON
28290,C,JEFFERSON
28291,C,JEFFERSON
28999,Y,JEFFERSON
29002,T,JUNEAU
29004,T,JUNEAU
29006,T,JUNEAU
29008,T,JUNEAU
29010,T,JUNEAU
29012,T,JUNEAU
29014,T,JUNEAU
29016,T,JUNEAU
29018,T,JUNEAU
29020,T,JUNEAU
29022,T,JUNEAU
29024,T,JUNEAU
29026,T,JUNEAU
29028,T,JUNEAU
29030,T,JUNEAU
29032,T,JUNEAU
29034,T,JUNEAU
29036,T,JUNEAU
29038,T,JUNEAU
29111,V,JUNEAU
29136,V,JUNEAU
29146,V,JUNEAU
29161,V,JUNEAU
29186,V,JUNEAU
29191,V,JUNEAU
29221,C,JUNEAU
29251,C,JUNEAU
29261,C,JUNEAU
29999,Y,JUNEAU
30002,T,KENOSHA
30006,T,KENOSHA
30010,T,KENOSHA
30014,T,KENOSHA
30016,T,KENOSHA
30104,V,KENOSHA
30171,V,KENOSHA
30174,V,KENOSHA
30179,V,KENOSHA
30182,V,KENOSHA
30186,V,KENOSHA
30241,C,KENOSHA
30999,Y,KENOSHA
31002,T,KEWAUNEE
31004,T,KEWAUNEE
31006,T,KEWAUNEE
31008,T,KEWAUNEE
31010,T,KEWAUNEE
31012,T,KEWAUNEE
31014,T,KEWAUNEE
31016,T,KEWAUNEE
31018,T,KEWAUNEE
31020,T,KEWAUNEE
31111,V,KEWAUNEE
31146,V,KEWAUNEE
31201,C,KEWAUNEE
31241,C,KEWAUNEE
31999,Y,KEWAUNEE
32002,T,LA CROSSE
32004,T,LA CROSSE
32006,T,LA CROSSE
32008,T,LA CROSSE
32010,T,LA CROSSE
32012,T,LA CROSSE
32014,T,LA CROSSE
32016,T,LA CROSSE
32018,T,LA CROSSE
32020,T,LA CROSSE
32022,T,LA CROSSE
32024,T,LA CROSSE
32106,V,LA CROSSE
32136,V,LA CROSSE
32176,V,LA CROSSE
32191,V,LA CROSSE
32246,C,LA CROSSE
32265,C,LA CROSSE
32999,Y,LA CROSSE
33002,T,LAFAYETTE
33004,T,LAFAYETTE
33006,T,LAFAYETTE
33008,T,LAFAYETTE
33010,T,LAFAYETTE
33012,T,LAFAYETTE
33014,T,LAFAYETTE
33016,T,LAFAYETTE
33018,T,LAFAYETTE
33020,T,LAFAYETTE
33022,T,LAFAYETTE
33024,T,LAFAYETTE
33026,T,LAFAYETTE
33028,T,LAFAYETTE
33030,T,LAFAYETTE
33032,T,LAFAYETTE
33034,T,LAFAYETTE
33036,T,LAFAYETTE
33101,V,LAFAYETTE
33106,V,LAFAYETTE
33107,V,LAFAYETTE
33108,V,LAFAYETTE
33131,V,LAFAYETTE
33181,V,LAFAYETTE
33216,C,LAFAYETTE
33281,C,LAFAYETTE
33999,Y,LAFAYETTE
34002,T,LANGLADE
34004,T,LANGLADE
34006,T,LANGLADE
34008,T,LANGLADE
34010,T,LANGLADE
34012,T,LANGLADE
34014,T,LANGLADE
34016,T,LANGLADE
34018,T,LANGLADE
34020,T,LANGLADE
34022,T,LANGLADE
34024,T,LANGLADE
34026,T,LANGLADE
34028,T,LANGLADE
34030,T,LANGLADE
34032,T,LANGLADE
34034,T,LANGLADE
34191,V,LANGLADE
34201,C,LANGLADE
34999,Y,LANGLADE
35002,T,LINCOLN
35004,T,LINCOLN
35006,T,LINCOLN
35008,T,LINCOLN
35010,T,LINCOLN
35012,T,LINCOLN
35014,T,LINCOLN
35016,T,LINCOLN
35018,T,LINCOLN
35020,T,LINCOLN
35022,T,LINCOLN
35024,T,LINCOLN
35026,T,LINCOLN
35028,T,LINCOLN
35030,T,LINCOLN
35032,T,LINCOLN
35251,C,LINCOLN
35286,C,LINCOLN
35999,Y,LINCOLN
36002,T,MANITOWOC
36004,T,MANITOWOC
36006,T,MANITOWOC
36008,T,MANITOWOC
36010,T,MANITOWOC
36012,T,MANITOWOC
36014,T,MANITOWOC
36016,T,MANITOWOC
36018,T,MANITOWOC
36020,T,MANITOWOC
36022,T,MANITOWOC
36024,T,MANITOWOC
36026,T,MANITOWOC
36028,T,MANITOWOC
36030,T,MANITOWOC
36032,T,MANITOWOC
36034,T,MANITOWOC
36036,T,MANITOWOC
36112,V,MANITOWOC
36126,V,MANITOWOC
36132,V,MANITOWOC
36147,V,MANITOWOC
36151,V,MANITOWOC
36176,V,MANITOWOC
36181,V,MANITOWOC
36186,V,MANITOWOC
36191,V,MANITOWOC
36241,C,MANITOWOC
36251,C,MANITOWOC
36286,C,MANITOWOC
36999,Y,MANITOWOC
37002,T,MARATHON
37004,T,MARATHON
37006,T,MARATHON
37008,T,MARATHON
37010,T,MARATHON
37012,T,MARATHON
37014,T,MARATHON
37016,T,MARATHON
37018,T,MARATHON
37020,T,MARATHON
37022,T,MARATHON
37024,T,MARATHON
37026,T,MARATHON
37028,T,MARATHON
37030,T,MARATHON
37032,T,MARATHON
37034,T,MARATHON
37036,T,MARATHON
37038,T,MARATHON
37040,T,MARATHON
37042,T,MARATHON
37044,T,MARATHON
37046,T,MARATHON
37048,T,MARATHON
37054,T,MARATHON
37056,T,MARATHON
37058,T,MARATHON
37060,T,MARATHON
37062,T,MARATHON
37064,T,MARATHON
37066,T,MARATHON
37068,T,MARATHON
37070,T,MARATHON
37072,T,MARATHON
37074,T,MARATHON
37076,T,MARATHON
37078,T,MARATHON
37080,T,MARATHON
37082,T,MARATHON
37084,T,MARATHON
37102,V,MARATHON
37121,V,MARATHON
37122,V,MARATHON
37126,V,MARATHON
37136,V,MARATHON
37145,V,MARATHON
37146,V,MARATHON
37151,V,MARATHON
37176,V,MARATHON
37181,V,MARATHON
37182,V,MARATHON
37186,V,MARATHON
37192,V,MARATHON
37251,C,MARATHON
37281,C,MARATHON
37291,C,MARATHON
37999,Y,MARATHON
38002,T,MARINETTE
38004,T,MARINETTE
38006,T,MARINETTE
38008,T,MARINETTE
38010,T,MARINETTE
38012,T,MARINETTE
38014,T,MARINETTE
38016,T,MARINETTE
38018,T,MARINETTE
38020,T,MARINETTE
38022,T,MARINETTE
38024,T,MARINETTE
38026,T,MARINETTE
38028,T,MARINETTE
38030,T,MARINETTE
38032,T,MARINETTE
38034,T,MARINETTE
38036,T,MARINETTE
38111,V,MARINETTE
38121,V,MARINETTE
38171,V,MARINETTE
38191,V,MARINETTE
38251,C,MARINETTE
38261,C,MARINETTE
38271,C,MARINETTE
38999,Y,MARINETTE
39002,T,MARQUETTE
39004,T,MARQUETTE
39006,T,MARQUETTE
39008,T,MARQUETTE
39010,T,MARQUETTE
39012,T,MARQUETTE
39014,T,MARQUETTE
39016,T,MARQUETTE
39018,T,MARQUETTE
39020,T,MARQUETTE
39022,T,MARQUETTE
39024,T,MARQUETTE
39026,T,MARQUETTE
39028,T,MARQUETTE
39121,V,MARQUETTE
39161,V,MARQUETTE
39165,V,MARQUETTE
39191,V,MARQUETTE
39251,C,MARQUETTE
39999,Y,MARQUETTE
40106,V,MILWAUKEE
40107,V,MILWAUKEE
40126,V,MILWAUKEE
40131,V,MILWAUKEE
40136,V,MILWAUKEE
40176,V,MILWAUKEE
40181,V,MILWAUKEE
40191,V,MILWAUKEE
40192,V,MILWAUKEE
40211,C,MILWAUKEE
40226,C,MILWAUKEE
40231,C,MILWAUKEE
40236,C,MILWAUKEE
40251,C,MILWAUKEE
40265,C,MILWAUKEE
40281,C,MILWAUKEE
40282,C,MILWAUKEE
40291,C,MILWAUKEE
40292,C,MILWAUKEE
40999,Y,MILWAUKEE
41002,T,MONROE
41004,T,MONROE
41006,T,MONROE
41008,T,MONROE
41010,T,MONROE
41012,T,MONROE
41014,T,MONROE
41016,T,MONROE
41018,T,MONROE
41020,T,MONROE
41022,T,MONROE
41024,T,MONROE
41026,T,MONROE
41028,T,MONROE
41030,T,MONROE
41032,T,MONROE
41034,T,MONROE
41036,T,MONROE
41038,T,MONROE
41040,T,MONROE
41042,T,MONROE
41044,T,MONROE
41046,T,MONROE
41048,T,MONROE
41111,V,MONROE
41141,V,MONROE
41151,V,MONROE
41161,V,MONROE
41165,V,MONROE
41185,V,MONROE
41191,V,MONROE
41192,V,MONROE
41281,C,MONROE
41286,C,MONROE
41999,Y,MONROE
42002,T,OCONTO
42006,T,OCONTO
42008,T,OCONTO
42010,T,OCONTO
42012,T,OCONTO
42014,T,OCONTO
42016,T,OCONTO
42018,T,OCONTO
42019,T,OCONTO
42020,T,OCONTO
42022,T,OCONTO
42024,T,OCONTO
42026,T,OCONTO
42028,T,OCONTO
42029,T,OCONTO
42030,T,OCONTO
42032,T,OCONTO
42034,T,OCONTO
42036,T,OCONTO
42038,T,OCONTO
42040,T,OCONTO
42042,T,OCONTO
42044,T,OCONTO
42146,V,OCONTO
42181,V,OCONTO
42231,C,OCONTO
42265,C,OCONTO
42266,C,OCONTO
42999,Y,OCONTO
43002,T,ONEIDA
43004,T,ONEIDA
43006,T,ONEIDA
43008,T,ONEIDA
43010,T,ONEIDA
43012,T,ONEIDA
43014,T,ONEIDA
43016,T,ONEIDA
43018,T,ONEIDA
43020,T,ONEIDA
43022,T,ONEIDA
43024,T,ONEIDA
43026,T,ONEIDA
43028,T,ONEIDA
43030,T,ONEIDA
43032,T,ONEIDA
43034,T,ONEIDA
43036,T,ONEIDA
43038,T,ONEIDA
43040,T,ONEIDA
43276,C,ONEIDA
43999,Y,ONEIDA
44002,T,OUTAGAMIE
44004,T,OUTAGAMIE
44006,T,OUTAGAMIE
44008,T,OUTAGAMIE
44010,T,OUTAGAMIE
44012,T,OUTAGAMIE
44014,T,OUTAGAMIE
44016,T,OUTAGAMIE
44018,T,OUTAGAMIE
44020,T,OUTAGAMIE
44024,T,OUTAGAMIE
44026,T,OUTAGAMIE
44028,T,OUTAGAMIE
44030,T,OUTAGAMIE
44032,T,OUTAGAMIE
44034,T,OUTAGAMIE
44036,T,OUTAGAMIE
44038,T,OUTAGAMIE
44040,T,OUTAGAMIE
44106,V,OUTAGAMIE
44107,V,OUTAGAMIE
44111,V,OUTAGAMIE
44122,V,OUTAGAMIE
44136,V,OUTAGAMIE
44141,V,OUTAGAMIE
44146,V,OUTAGAMIE
44155,V,OUTAGAMIE
44181,V,OUTAGAMIE
44201,C,OUTAGAMIE
44241,C,OUTAGAMIE
44281,C,OUTAGAMIE
44999,Y,OUTAGAMIE
45002,T,OZAUKEE
45004,T,OZAUKEE
45006,T,OZAUKEE
45008,T,OZAUKEE
45012,T,OZAUKEE
45014,T,OZAUKEE
45106,V,OZAUKEE
45126,V,OZAUKEE
45131,V,OZAUKEE
45181,V,OZAUKEE
45186,V,OZAUKEE
45211,C,OZAUKEE
45255,C,OZAUKEE
45271,C,OZAUKEE
45999,Y,OZAUKEE
46002,T,PEPIN
46004,T,PEPIN
46006,T,PEPIN
46008,T,PEPIN
46010,T,PEPIN
46012,T,PEPIN
46014,T,PEPIN
46016,T,PEPIN
46171,V,PEPIN
46181,V,PEPIN
46216,C,PEPIN
46999,Y,PEPIN
47002,T,PIERCE
47004,T,PIERCE
47006,T,PIERCE
47008,T,PIERCE
47010,T,PIERCE
47012,T,PIERCE
47014,T,PIERCE
47016,T,PIERCE
47018,T,PIERCE
47020,T,PIERCE
47022,T,PIERCE
47024,T,PIERCE
47026,T,PIERCE
47028,T,PIERCE
47030,T,PIERCE
47032,T,PIERCE
47034,T,PIERCE
47106,V,PIERCE
47121,V,PIERCE
47122,V,PIERCE
47151,V,PIERCE
47171,V,PIERCE
47181,V,PIERCE
47271,C,PIERCE
47276,C,PIERCE
47999,Y,PIERCE
48002,T,POLK
48004,T,POLK
48006,T,POLK
48008,T,POLK
48010,T,POLK
48012,T,POLK
48014,T,POLK
48016,T,POLK
48018,T,POLK
48020,T,POLK
48022,T,POLK
48024,T,POLK
48026,T,POLK
48028,T,POLK
48030,T,POLK
48032,T,POLK
48034,T,POLK
48036,T,POLK
48038,T,POLK
48040,T,POLK
48042,T,POLK
48044,T,POLK
48046,T,POLK
48048,T,POLK
48106,V,POLK
48111,V,POLK
48112,V,POLK
48113,V,POLK
48116,V,POLK
48126,V,POLK
48146,V,POLK
48151,V,POLK
48165,V,POLK
48201,C,POLK
48281,C,POLK
48999,Y,POLK
49002,T,PORTAGE
49004,T,PORTAGE
49006,T,PORTAGE
49008,T,PORTAGE
49010,T,PORTAGE
49012,T,PORTAGE
49014,T,PORTAGE
49016,T,PORTAGE
49018,T,PORTAGE
49020,T,PORTAGE
49022,T,PORTAGE
49024,T,PORTAGE
49026,T,PORTAGE
49028,T,PORTAGE
49030,T,PORTAGE
49032,T,PORTAGE
49034,T,PORTAGE
49101,V,PORTAGE
49102,V,PORTAGE
49103,V,PORTAGE
49141,V,PORTAGE
49161,V,PORTAGE
49171,V,PORTAGE
49173,V,PORTAGE
49176,V,PORTAGE
49191,V,PORTAGE
49281,C,PORTAGE
49999,Y,PORTAGE
50002,T,PRICE
50004,T,PRICE
50006,T,PRICE
50008,T,PRICE
50010,T,PRICE
50012,T,PRICE
50014,T,PRICE
50016,T,PRICE
50018,T,PRICE
50020,T,PRICE
50022,T,PRICE
50024,T,PRICE
50026,T,PRICE
50028,T,PRICE
50030,T,PRICE
50032,T,PRICE
50034,T,PRICE
50111,V,PRICE
50141,V,PRICE
50171,V,PRICE
50271,C,PRICE
50272,C,PRICE
50999,Y,PRICE
51002,T,RACINE
51006,T,RACINE
51010,T,RACINE
51016,T,RACINE
51104,V,RACINE
51121,V,RACINE
51151,V,RACINE
51161,V,RACINE
51168,V,RACINE
51176,V,RACINE
51181,V,RACINE
51186,V,RACINE
51191,V,RACINE
51192,V,RACINE
51194,V,RACINE
51206,C,RACINE
51276,C,RACINE
51999,Y,RACINE
52002,T,RICHLAND
52004,T,RICHLAND
52006,T,RICHLAND
52008,T,RICHLAND
52010,T,RICHLAND
52012,T,RICHLAND
52014,T,RICHLAND
52016,T,RICHLAND
52018,T,RICHLAND
52020,T,RICHLAND
52022,T,RICHLAND
52024,T,RICHLAND
52026,T,RICHLAND
52028,T,RICHLAND
52030,T,RICHLAND
52032,T,RICHLAND
52106,V,RICHLAND
52111,V,RICHLAND
52146,V,RICHLAND
52186,V,RICHLAND
52196,V,RICHLAND
52276,C,RICHLAND
52999,Y,RICHLAND
53002,T,ROCK
53004,T,ROCK
53006,T,ROCK
53008,T,ROCK
53010,T,ROCK
53012,T,ROCK
53014,T,ROCK
53016,T,ROCK
53018,T,ROCK
53020,T,ROCK
53022,T,ROCK
53024,T,ROCK
53026,T,ROCK
53028,T,ROCK
53030,T,ROCK
53032,T,ROCK
53034,T,ROCK
53036,T,ROCK
53038,T,ROCK
53040,T,ROCK
53111,V,ROCK
53126,V,ROCK
53165,V,ROCK
53206,C,ROCK
53221,C,ROCK
53222,C,ROCK
53241,C,ROCK
53257,C,ROCK
53999,Y,ROCK
54002,T,RUSK
54004,T,RUSK
54006,T,RUSK
54008,T,RUSK
54010,T,RUSK
54012,T,RUSK
54014,T,RUSK
54016,T,RUSK
54018,T,RUSK
54020,T,RUSK
54022,T,RUSK
54024,T,RUSK
54026,T,RUSK
54028,T,RUSK
54030,T,RUSK
54032,T,RUSK
54034,T,RUSK
54036,T,RUSK
54038,T,RUSK
54040,T,RUSK
54042,T,RUSK
54044,T,RUSK
54046,T,RUSK
54048,T,RUSK
54106,V,RUSK
54111,V,RUSK
54131,V,RUSK
54136,V,RUSK
54141,V,RUSK
54181,V,RUSK
54186,V,RUSK
54191,V,RUSK
54246,C,RUSK
54999,Y,RUSK
55002,T,ST CROIX
55004,T,ST CROIX
55006,T,ST CROIX
55008,T,ST CROIX
55010,T,ST CROIX
55012,T,ST CROIX
55014,T,ST CROIX
55016,T,ST CROIX
55018,T,ST CROIX
55020,T,ST CROIX
55022,T,ST CROIX
55024,T,ST CROIX
55026,T,ST CROIX
55028,T,ST CROIX
55030,T,ST CROIX
55032,T,ST CROIX
55034,T,ST CROIX
55036,T,ST CROIX
55038,T,ST CROIX
55040,T,ST CROIX
55042,T,ST CROIX
55106,V,ST CROIX
55116,V,ST CROIX
55136,V,ST CROIX
55161,V,ST CROIX
55176,V,ST CROIX
55181,V,ST CROIX
55182,V,ST CROIX
55191,V,ST CROIX
55192,V,ST CROIX
55231,C,ST CROIX
55236,C,ST CROIX
55261,C,ST CROIX
55999,Y,ST CROIX
56002,T,SAUK
56004,T,SAUK
56006,T,SAUK
56008,T,SAUK
56010,T,SAUK
56012,T,SAUK
56014,T,SAUK
56016,T,SAUK
56018,T,SAUK
56020,T,SAUK
56022,T,SAUK
56024,T,SAUK
56026,T,SAUK
56028,T,SAUK
56030,T,SAUK
56032,T,SAUK
56034,T,SAUK
56036,T,SAUK
56038,T,SAUK
56040,T,SAUK
56042,T,SAUK
56044,T,SAUK
56141,V,SAUK
56146,V,SAUK
56147,V,SAUK
56148,V,SAUK
56149,V,SAUK
56151,V,SAUK
56161,V,SAUK
56171,V,SAUK
56172,V,SAUK
56176,V,SAUK
56181,V,SAUK
56182,V,SAUK
56191,V,SAUK
56206,C,SAUK
56276,C,SAUK
56999,Y,SAUK
57002,T,SAWYER
57004,T,SAWYER
57006,T,SAWYER
57008,T,SAWYER
57010,T,SAWYER
57012,T,SAWYER
57014,T,SAWYER
57016,T,SAWYER
57018,T,SAWYER
57020,T,SAWYER
57022,T,SAWYER
57024,T,SAWYER
57026,T,SAWYER
57028,T,SAWYER
57030,T,SAWYER
57032,T,SAWYER
57111,V,SAWYER
57121,V,SAWYER
57176,V,SAWYER
57190,V,SAWYER
57236,C,SAWYER
57999,Y,SAWYER
58002,T,SHAWANO
58004,T,SHAWANO
58006,T,SHAWANO
58008,T,SHAWANO
58010,T,SHAWANO
58012,T,SHAWANO
58014,T,SHAWANO
58016,T,SHAWANO
58018,T,SHAWANO
58020,T,SHAWANO
58022,T,SHAWANO
58024,T,SHAWANO
58026,T,SHAWANO
58028,T,SHAWANO
58030,T,SHAWANO
58032,T,SHAWANO
58034,T,SHAWANO
58036,T,SHAWANO
58038,T,SHAWANO
58040,T,SHAWANO
58042,T,SHAWANO
58044,T,SHAWANO
58046,T,SHAWANO
58048,T,SHAWANO
58050,T,SHAWANO
58101,V,SHAWANO
58106,V,SHAWANO
58107,V,SHAWANO
58108,V,SHAWANO
58111,V,SHAWANO
58121,V,SHAWANO
58131,V,SHAWANO
58151,V,SHAWANO
58186,V,SHAWANO
58191,V,SHAWANO
58281,C,SHAWANO
58999,Y,SHAWANO
59002,T,SHEBOYGAN
59004,T,SHEBOYGAN
59006,T,SHEBOYGAN
59008,T,SHEBOYGAN
59010,T,SHEBOYGAN
59012,T,SHEBOYGAN
59014,T,SHEBOYGAN
59016,T,SHEBOYGAN
59018,T,SHEBOYGAN
59020,T,SHEBOYGAN
59022,T,SHEBOYGAN
59024,T,SHEBOYGAN
59026,T,SHEBOYGAN
59028,T,SHEBOYGAN
59030,T,SHEBOYGAN
59101,V,SHEBOYGAN
59111,V,SHEBOYGAN
59112,V,SHEBOYGAN
59121,V,SHEBOYGAN
59131,V,SHEBOYGAN
59135,V,SHEBOYGAN
59141,V,SHEBOYGAN
59165,V,SHEBOYGAN
59176,V,SHEBOYGAN
59191,V,SHEBOYGAN
59271,C,SHEBOYGAN
59281,C,SHEBOYGAN
59282,C,SHEBOYGAN
59999,Y,SHEBOYGAN
60002,T,TAYLOR
60004,T,TAYLOR
60006,T,TAYLOR
60008,T,TAYLOR
60010,T,TAYLOR
60012,T,TAYLOR
60014,T,TAYLOR
60016,T,TAYLOR
60018,T,TAYLOR
60020,T,TAYLOR
60022,T,TAYLOR
60024,T,TAYLOR
60026,T,TAYLOR
60028,T,TAYLOR
60030,T,TAYLOR
60032,T,TAYLOR
60034,T,TAYLOR
60036,T,TAYLOR
60038,T,TAYLOR
60040,T,TAYLOR
60042,T,TAYLOR
60044,T,TAYLOR
60131,V,TAYLOR
60146,V,TAYLOR
60176,V,TAYLOR
60181,V,TAYLOR
60251,C,TAYLOR
60999,Y,TAYLOR
61002,T,TREMPEALEAU
61004,T,TREMPEALEAU
61006,T,TREMPEALEAU
61008,T,TREMPEALEAU
61010,T,TREMPEALEAU
61012,T,TREMPEALEAU
61014,T,TREMPEALEAU
61016,T,TREMPEALEAU
61018,T,TREMPEALEAU
61020,T,TREMPEALEAU
61022,T,TREMPEALEAU
61024,T,TREMPEALEAU
61026,T,TREMPEALEAU
61028,T,TREMPEALEAU
61030,T,TREMPEALEAU
61121,V,TREMPEALEAU
61122,V,TREMPEALEAU
61173,V,TREMPEALEAU
61181,V,TREMPEALEAU
61186,V,TREMPEALEAU
61201,C,TREMPEALEAU
61206,C,TREMPEALEAU
61231,C,TREMPEALEAU
61241,C,TREMPEALEAU
61265,C,TREMPEALEAU
61291,C,TREMPEALEAU
61999,Y,TREMPEALEAU
62002,T,VERNON
62004,T,VERNON
62006,T,VERNON
62008,T,VERNON
62010,T,VERNON
62012,T,VERNON
62014,T,VERNON
62016,T,VERNON
62018,T,VERNON
62020,T,VERNON
62022,T,VERNON
62024,T,VERNON
62026,T,VERNON
62028,T,VERNON
62030,T,VERNON
62032,T,VERNON
62034,T,VERNON
62036,T,VERNON
62038,T,VERNON
62040,T,VERNON
62042,T,VERNON
62111,V,VERNON
62112,V,VERNON
62116,V,VERNON
62131,V,VERNON
62146,V,VERNON
62165,V,VERNON
62176,V,VERNON
62181,V,VERNON
62236,C,VERNON
62286,C,VERNON
62291,C,VERNON
62999,Y,VERNON
63002,T,VILAS
63004,T,VILAS
63006,T,VILAS
63008,T,VILAS
63010,T,VILAS
63012,T,VILAS
63014,T,VILAS
63016,T,VILAS
63018,T,VILAS
63020,T,VILAS
63022,T,VILAS
63024,T,VILAS
63026,T,VILAS
63028,T,VILAS
63221,C,VILAS
63999,Y,VILAS
64002,T,WALWORTH
64004,T,WALWORTH
64006,T,WALWORTH
64008,T,WALWORTH
64010,T,WALWORTH
64012,T,WALWORTH
64014,T,WALWORTH
64016,T,WALWORTH
64018,T,WALWORTH
64020,T,WALWORTH
64022,T,WALWORTH
64024,T,WALWORTH
64026,T,WALWORTH
64028,T,WALWORTH
64030,T,WALWORTH
64032,T,WALWORTH
64115,V,WALWORTH
64116,V,WALWORTH
64121,V,WALWORTH
64126,V,WALWORTH
64131,V,WALWORTH
64181,V,WALWORTH
64191,V,WALWORTH
64192,V,WALWORTH
64216,C,WALWORTH
64221,C,WALWORTH
64246,C,WALWORTH
64291,C,WALWORTH
64999,Y,WALWORTH
65002,T,WASHBURN
65004,T,WASHBURN
65006,T,WASHBURN
65008,T,WASHBURN
65010,T,WASHBURN
65012,T,WASHBURN
65014,T,WASHBURN
65016,T,WASHBURN
65018,T,WASHBURN
65020,T,WASHBURN
65022,T,WASHBURN
65024,T,WASHBURN
65026,T,WASHBURN
65028,T,WASHBURN
65030,T,WASHBURN
65032,T,WASHBURN
65034,T,WASHBURN
65036,T,WASHBURN
65038,T,WASHBURN
65040,T,WASHBURN
65042,T,WASHBURN
65106,V,WASHBURN
65151,V,WASHBURN
65281,C,WASHBURN
65282,C,WASHBURN
65999,Y,WASHBURN
66002,T,WASHINGTON
66004,T,WASHINGTON
66006,T,WASHINGTON
66008,T,WASHINGTON
66010,T,WASHINGTON
66012,T,WASHINGTON
66014,T,WASHINGTON
66016,T,WASHINGTON
66018,T,WASHINGTON
66022,T,WASHINGTON
66024,T,WASHINGTON
66026,T,WASHINGTON
66131,V,WASHINGTON
66141,V,WASHINGTON
66142,V,WASHINGTON
66161,V,WASHINGTON
66166,V,WASHINGTON
66181,V,WASHINGTON
66236,C,WASHINGTON
66291,C,WASHINGTON
66999,Y,WASHINGTON
67002,T,WAUKESHA
67004,T,WAUKESHA
67006,T,WAUKESHA
67008,T,WAUKESHA
67010,T,WAUKESHA
67014,T,WAUKESHA
67016,T,WAUKESHA
67022,T,WAUKESHA
67024,T,WAUKESHA
67106,V,WAUKESHA
67107,V,WAUKESHA
67111,V,WAUKESHA
67116,V,WAUKESHA
67121,V,WAUKESHA
67122,V,WAUKESHA
67136,V,WAUKESHA
67146,V,WAUKESHA
67147,V,WAUKESHA
67151,V,WAUKESHA
67152,V,WAUKESHA
67153,V,WAUKESHA
67158,V,WAUKESHA
67161,V,WAUKESHA
67166,V,WAUKESHA
67171,V,WAUKESHA
67172,V,WAUKESHA
67181,V,WAUKESHA
67186,V,WAUKESHA
67191,V,WAUKESHA
67195,V,WAUKESHA
67206,C,WAUKESHA
67216,C,WAUKESHA
67251,C,WAUKESHA
67261,C,WAUKESHA
67265,C,WAUKESHA
67270,C,WAUKESHA
67291,C,WAUKESHA
67999,Y,WAUKESHA
68002,T,WAUPACA
68004,T,WAUPACA
68006,T,WAUPACA
68008,T,WAUPACA
68010,T,WAUPACA
68012,T,WAUPACA
68014,T,WAUPACA
68016,T,WAUPACA
68018,T,WAUPACA
68020,T,WAUPACA
68022,T,WAUPACA
68024,T,WAUPACA
68026,T,WAUPACA
68028,T,WAUPACA
68030,T,WAUPACA
68032,T,WAUPACA
68034,T,WAUPACA
68036,T,WAUPACA
68038,T,WAUPACA
68040,T,WAUPACA
68042,T,WAUPACA
68044,T,WAUPACA
68106,V,WAUPACA
68121,V,WAUPACA
68126,V,WAUPACA
68141,V,WAUPACA
68165,V,WAUPACA
68181,V,WAUPACA
68211,C,WAUPACA
68251,C,WAUPACA
68252,C,WAUPACA
68261,C,WAUPACA
68291,C,WAUPACA
68292,C,WAUPACA
68999,Y,WAUPACA
69002,T,WAUSHARA
69004,T,WAUSHARA
69006,T,WAUSHARA
69008,T,WAUSHARA
69010,T,WAUSHARA
69012,T,WAUSHARA
69014,T,WAUSHARA
69016,T,WAUSHARA
69018,T,WAUSHARA
69020,T,WAUSHARA
69022,T,WAUSHARA
69024,T,WAUSHARA
69026,T,WAUSHARA
69028,T,WAUSHARA
69030,T,WAUSHARA
69032,T,WAUSHARA
69034,T,WAUSHARA
69036,T,WAUSHARA
69111,V,WAUSHARA
69136,V,WAUSHARA
69146,V,WAUSHARA
69171,V,WAUSHARA
69176,V,WAUSHARA
69191,V,WAUSHARA
69291,C,WAUSHARA
69999,Y,WAUSHARA
70002,T,WINNEBAGO
70004,T,WINNEBAGO
70006,T,WINNEBAGO
70010,T,WINNEBAGO
70012,T,WINNEBAGO
70014,T,WINNEBAGO
70016,T,WINNEBAGO
70018,T,WINNEBAGO
70020,T,WINNEBAGO
70022,T,WINNEBAGO
70024,T,WINNEBAGO
70026,T,WINNEBAGO
70028,T,WINNEBAGO
70030,T,WINNEBAGO
70032,T,WINNEBAGO
70121,V,WINNEBAGO
70191,V,WINNEBAGO
70251,C,WINNEBAGO
70261,C,WINNEBAGO
70265,C,WINNEBAGO
70266,C,WINNEBAGO
70999,Y,WINNEBAGO
71002,T,WOOD
71004,T,WOOD
71006,T,WOOD
71008,T,WOOD
71010,T,WOOD
71012,T,WOOD
71014,T,WOOD
71016,T,WOOD
71018,T,WOOD
71020,T,WOOD
71022,T,WOOD
71024,T,WOOD
71026,T,WOOD
71028,T,WOOD
71030,T,WOOD
71032,T,WOOD
71034,T,WOOD
71036,T,WOOD
71038,T,WOOD
71040,T,WOOD
71042,T,WOOD
71044,T,WOOD
71100,V,WOOD
71101,V,WOOD
71106,V,WOOD
71122,V,WOOD
71151,V,WOOD
71171,V,WOOD
71178,V,WOOD
71186,V,WOOD
71251,C,WOOD
71261,C,WOOD
71271,C,WOOD
71291,C,WOOD
71999,Y,WOOD
72001,T,MENOMINEE
72999,Y,MENOMINEE
5006,T,Brown
5016,T,Brown
5038,T,Brown
8010,T,Calumet
13068,T,Dane
14048,T,Dodge
30004,T,Kenosha
30012,T,Kenosha
30181,T,Kenosha
37050,T,Marathon
37052,T,Marathon
37106,T,Marathon
51004,T,Racine
51008,T,Racine
51012,T,Racine
51014,T,Racine
51018,T,Racine
66020,T,Washington
67028,T,Waukesha
70008,T,Winnebago
